{"created_timestamp": "2024-09-25 19:37:13.659553", "camera_resolution": [1920, 1080], "k": [[960.5044085584551, 0.0, 945.8421792746956], [0.0, 968.4470197428919, 584.4512191076255], [0.0, 0.0, 1.0]], "d": [[0.12901507440650906], [-0.04804599857360392], [-0.012291225115341786], [0.01339290447688002]]}