{"created_timestamp": "2024-09-25 18:34:56.371075", "camera_resolution": [1920, 1080], "k": [[957.0211492502933, 0.0, 959.7912893278096], [0.0, 966.0997172483447, 564.8311499294138], [0.0, 0.0, 1.0]], "d": [[0.14060144649079764], [-0.10663532457373089], [0.07542923915295609], [-0.019400837121131]]}