{"created_timestamp": "2024-09-25 18:35:38.999222", "camera_resolution": [1920, 1080], "k": [[952.9003514145345, 0.0, 956.682104444967], [0.0, 961.7690522840112, 549.0052604977784], [0.0, 0.0, 1.0]], "d": [[0.11368377516104296], [-0.012487794731976804], [-0.04219408786476075], [0.027142581538945897]]}