{"created_timestamp": "2024-09-25 19:37:15.065179", "camera_resolution": [1920, 1080], "k": [[948.719423122633, 0.0, 962.0192725967804], [0.0, 959.4808047781346, 539.060872956828], [0.0, 0.0, 1.0]], "d": [[0.13717108244841592], [-0.1089257386087337], [0.11541932767679383], [-0.0649921329218271]]}